cell,tag,split,graph,knn,frac,k,mu,method,n_sel_models,n_rep_models,r_full,r,p,rho,r_train,r_val,purity,P_hard,n_cc,largest_cc_frac,tiles,blocks,moran_I,jaccard_vs_smallest
FL_band_AE_s0,FL_band_AE_s0_mu0_knn,random-split,knn,10,0.05,470,0.0,oodselect,180,60,0.847788707617345,-0.9327208760613407,2.2644436716608003e-27,-0.9247013059183108,-0.8839301476568807,-0.883718340787504,0.3062893028298799,0.8197872340425532,152,0.07021276595744681,20,122,0.2711823080430056,39.05106382978723
FL_band_AE_s0,FL_band_AE_s0_mu0_knn,random-split,knn,10,0.05,470,0.0,nullsel,180,60,0.847788707617345,0.05613076825765936,0.670124611601887,-0.02022784106696305,,,0.2719176786917713,0.8717021276595744,172,0.1148936170212766,23,130,0.23191482613589579,
FL_band_AE_s0,FL_band_AE_s0_mu0_knn,random-split,knn,10,0.05,470,0.0,hard,180,60,0.847788707617345,-0.2958757207102373,0.021716751421134304,-0.3423173103639901,,,0.4798099121362576,0.6080851063829787,108,0.11702127659574468,21,104,0.45206159463373397,
FL_band_AE_s0,FL_band_AE_s0_mu0_knn,random-split,knn,10,0.05,470,0.0,random,180,60,0.847788707617345,0.8026303141423519,1.2426605516315423e-14,0.7638788552375663,,,0.05041563406987292,1.1293617021276596,344,0.01702127659574468,22,201,0.0007403758827208277,
FL_band_AE_s0,FL_band_AE_s0_mu0p1_knn,random-split,knn,10,0.05,470,0.1,oodselect,180,60,0.847788707617345,-0.953350908849887,7.369853182213002e-32,-0.9424840233398167,-0.9192474248005942,-0.9252107457379125,0.3146700163880356,0.8091489361702128,147,0.06382978723404255,20,126,0.2785826107046079,39.05106382978723
FL_band_AE_s0,FL_band_AE_s0_mu0p1_knn,random-split,knn,10,0.05,470,0.1,nullsel,180,60,0.847788707617345,0.044545826962088024,0.7353934535924066,-0.0629619338705196,,,0.2945483134234698,0.8393617021276596,165,0.13191489361702127,23,123,0.2572122850772053,
FL_band_AE_s0,FL_band_AE_s0_mu0p1_knn,random-split,knn,10,0.05,470,0.1,hard,180,60,0.847788707617345,-0.2958757207102373,0.021716751421134304,-0.3423173103639901,,,0.4798099121362576,0.6080851063829787,108,0.11702127659574468,21,104,0.45206159463373397,
FL_band_AE_s0,FL_band_AE_s0_mu0p1_knn,random-split,knn,10,0.05,470,0.1,random,180,60,0.847788707617345,0.8026303141423519,1.2426605516315423e-14,0.7638788552375663,,,0.05041563406987292,1.1293617021276596,344,0.01702127659574468,22,201,0.0007403758827208277,
FL_band_AE_s0,FL_band_AE_s0_mu0p3_knn,random-split,knn,10,0.05,470,0.3,oodselect,180,60,0.847788707617345,-0.9362634208901693,4.956616686740484e-28,-0.9331480966935263,-0.8910841390305004,-0.8958380480242552,0.35608567466720753,0.7548936170212766,136,0.13617021276595745,20,120,0.32519479311203053,39.05106382978723
FL_band_AE_s0,FL_band_AE_s0_mu0p3_knn,random-split,knn,10,0.05,470,0.3,nullsel,180,60,0.847788707617345,0.08105861002219121,0.5381032902964855,0.04556821339260907,,,0.3358587461419126,0.7874468085106383,152,0.13829787234042554,22,119,0.30259744893827917,
FL_band_AE_s0,FL_band_AE_s0_mu0p3_knn,random-split,knn,10,0.05,470,0.3,hard,180,60,0.847788707617345,-0.2958757207102373,0.021716751421134304,-0.3423173103639901,,,0.4798099121362576,0.6080851063829787,108,0.11702127659574468,21,104,0.45206159463373397,
FL_band_AE_s0,FL_band_AE_s0_mu0p3_knn,random-split,knn,10,0.05,470,0.3,random,180,60,0.847788707617345,0.8026303141423519,1.2426605516315423e-14,0.7638788552375663,,,0.05041563406987292,1.1293617021276596,344,0.01702127659574468,22,201,0.0007403758827208277,
FL_band_AE_s0,FL_band_AE_s0_mu1_knn,random-split,knn,10,0.05,470,1.0,oodselect,180,60,0.847788707617345,-0.9290624002207162,9.99146544401723e-27,-0.9270352875798835,-0.8913858395381798,-0.893271286334911,0.4707557007890484,0.6119148936170212,102,0.1425531914893617,19,97,0.44356529554611474,39.05106382978723
FL_band_AE_s0,FL_band_AE_s0_mu1_knn,random-split,knn,10,0.05,470,1.0,nullsel,180,60,0.847788707617345,0.16209582823364746,0.2159464877183727,0.24145595998888586,,,0.4493544918091226,0.65,119,0.20851063829787234,21,98,0.42455617627459274,
FL_band_AE_s0,FL_band_AE_s0_mu1_knn,random-split,knn,10,0.05,470,1.0,hard,180,60,0.847788707617345,-0.2958757207102373,0.021716751421134304,-0.3423173103639901,,,0.4798099121362576,0.6080851063829787,108,0.11702127659574468,21,104,0.45206159463373397,
FL_band_AE_s0,FL_band_AE_s0_mu1_knn,random-split,knn,10,0.05,470,1.0,random,180,60,0.847788707617345,0.8026303141423519,1.2426605516315423e-14,0.7638788552375663,,,0.05041563406987292,1.1293617021276596,344,0.01702127659574468,22,201,0.0007403758827208277,
FL_band_AE_s0,FL_band_AE_s0_mu3_knn,random-split,knn,10,0.05,470,3.0,oodselect,180,60,0.847788707617345,-0.8741185414803692,7.66623080882715e-20,-0.8679633231453183,-0.8364221171314058,-0.8328800622333413,0.7103577332649857,0.3374468085106383,36,0.1702127659574468,13,51,0.6908437524358683,39.05106382978723
FL_band_AE_s0,FL_band_AE_s0_mu3_knn,random-split,knn,10,0.05,470,3.0,nullsel,180,60,0.847788707617345,0.3079629975258469,0.016675475840444327,0.5983328702417339,,,0.6513095601033649,0.4106382978723404,54,0.23829787234042554,14,57,0.6367756652055546,
FL_band_AE_s0,FL_band_AE_s0_mu3_knn,random-split,knn,10,0.05,470,3.0,hard,180,60,0.847788707617345,-0.2958757207102373,0.021716751421134304,-0.3423173103639901,,,0.4798099121362576,0.6080851063829787,108,0.11702127659574468,21,104,0.45206159463373397,
FL_band_AE_s0,FL_band_AE_s0_mu3_knn,random-split,knn,10,0.05,470,3.0,random,180,60,0.847788707617345,0.8026303141423519,1.2426605516315423e-14,0.7638788552375663,,,0.05041563406987292,1.1293617021276596,344,0.01702127659574468,22,201,0.0007403758827208277,
FL_band_AE_s0,FL_band_AE_s0_mu10_knn,random-split,knn,10,0.05,470,10.0,oodselect,180,60,0.847788707617345,-0.7776403103793041,2.7105709733893523e-13,-0.8140594609613784,-0.740102953034195,-0.7159744501843746,0.828744064480923,0.20063829787234042,14,0.19787234042553192,8,38,0.8141053996815621,39.05106382978723
FL_band_AE_s0,FL_band_AE_s0_mu10_knn,random-split,knn,10,0.05,470,10.0,nullsel,180,60,0.847788707617345,0.39241651665068894,0.0019278829918707137,0.6441233676021119,,,0.8695715600627991,0.15361702127659574,10,0.5361702127659574,6,26,0.8614359973158222,
FL_band_AE_s0,FL_band_AE_s0_mu10_knn,random-split,knn,10,0.05,470,10.0,hard,180,60,0.847788707617345,-0.2958757207102373,0.021716751421134304,-0.3423173103639901,,,0.4798099121362576,0.6080851063829787,108,0.11702127659574468,21,104,0.45206159463373397,
FL_band_AE_s0,FL_band_AE_s0_mu10_knn,random-split,knn,10,0.05,470,10.0,random,180,60,0.847788707617345,0.8026303141423519,1.2426605516315423e-14,0.7638788552375663,,,0.05041563406987292,1.1293617021276596,344,0.01702127659574468,22,201,0.0007403758827208277,
FL_band_AE_s0,FL_band_AE_s0_mu0_knn,random-split,knn,10,0.1,941,0.0,oodselect,180,60,0.847788707617345,-0.7735030566751794,4.3460153908905507e-13,-0.7816615726590721,-0.7130088132031123,-0.6579946859619812,0.5363933430393671,0.5520722635494155,116,0.15727948990435706,22,112,0.4823089895159312,10.776059371934917
FL_band_AE_s0,FL_band_AE_s0_mu0_knn,random-split,knn,10,0.1,941,0.0,nullsel,180,60,0.847788707617345,0.3139174967314043,0.014584584935749705,0.530425118088358,,,0.4554663446025889,0.6446333687566419,184,0.32093517534537724,23,157,0.39808012832233597,
FL_band_AE_s0,FL_band_AE_s0_mu0_knn,random-split,knn,10,0.1,941,0.0,hard,180,60,0.847788707617345,-0.17792254761700654,0.1738075872624094,-0.21972770213948323,,,0.48940838603320547,0.6017003188097768,186,0.11370882040382571,22,171,0.4339931833123116,
FL_band_AE_s0,FL_band_AE_s0_mu0_knn,random-split,knn,10,0.1,941,0.0,random,180,60,0.847788707617345,0.8187375527231341,1.3365206100078592e-15,0.7799388719088637,,,0.10656565996658547,1.0586609989373008,489,0.010626992561105207,23,240,0.006776450518031691,
FL_band_AE_s0,FL_band_AE_s0_mu0p1_knn,random-split,knn,10,0.1,941,0.1,oodselect,180,60,0.847788707617345,-0.7735841837092309,4.306379440065326e-13,-0.7786607390941929,-0.7119192260065778,-0.6557104408091893,0.5367323171427888,0.5514346439957492,111,0.16046758767268862,21,110,0.4824284096446734,8.826339423392348
FL_band_AE_s0,FL_band_AE_s0_mu0p1_knn,random-split,knn,10,0.1,941,0.1,nullsel,180,60,0.847788707617345,0.3150547513503977,0.01421196143943724,0.5267018616282302,,,0.45820115598955713,0.642826780021254,172,0.4293304994686504,23,155,0.4004889841852611,
FL_band_AE_s0,FL_band_AE_s0_mu0p1_knn,random-split,knn,10,0.1,941,0.1,hard,180,60,0.847788707617345,-0.17792254761700654,0.1738075872624094,-0.21972770213948323,,,0.48940838603320547,0.6017003188097768,186,0.11370882040382571,22,171,0.4339931833123116,
FL_band_AE_s0,FL_band_AE_s0_mu0p1_knn,random-split,knn,10,0.1,941,0.1,random,180,60,0.847788707617345,0.8187375527231341,1.3365206100078592e-15,0.7799388719088637,,,0.10656565996658547,1.0586609989373008,489,0.010626992561105207,23,240,0.006776450518031691,
FL_band_AE_s0,FL_band_AE_s0_mu0p3_knn,random-split,knn,10,0.1,941,0.3,oodselect,180,60,0.847788707617345,-0.7708528161482581,5.850340137720639e-13,-0.7787163100861352,-0.7105033549945573,-0.6535700187117494,0.5466585221915169,0.5405951115834219,111,0.15834218916046758,20,109,0.4938554311454334,10.129153842632057
FL_band_AE_s0,FL_band_AE_s0_mu0p3_knn,random-split,knn,10,0.1,941,0.3,nullsel,180,60,0.847788707617345,0.32294546667817453,0.011844786432783246,0.5393720477910532,,,0.4712085237003972,0.6274176408076514,179,0.512221041445271,23,149,0.41293111908289126,
FL_band_AE_s0,FL_band_AE_s0_mu0p3_knn,random-split,knn,10,0.1,941,0.3,hard,180,60,0.847788707617345,-0.17792254761700654,0.1738075872624094,-0.21972770213948323,,,0.48940838603320547,0.6017003188097768,186,0.11370882040382571,22,171,0.4339931833123116,
FL_band_AE_s0,FL_band_AE_s0_mu0p3_knn,random-split,knn,10,0.1,941,0.3,random,180,60,0.847788707617345,0.8187375527231341,1.3365206100078592e-15,0.7799388719088637,,,0.10656565996658547,1.0586609989373008,489,0.010626992561105207,23,240,0.006776450518031691,
FL_band_AE_s0,FL_band_AE_s0_mu1_knn,random-split,knn,10,0.1,941,1.0,oodselect,180,60,0.847788707617345,-0.7649695376065353,1.1160844212020537e-12,-0.7699360933592667,-0.7039638942925119,-0.6438922735317181,0.5715047930745446,0.5104144527098831,100,0.1594048884165781,20,102,0.5208500487843237,9.215129305843123
FL_band_AE_s0,FL_band_AE_s0_mu1_knn,random-split,knn,10,0.1,941,1.0,nullsel,180,60,0.847788707617345,0.3303325750423815,0.009945397776117174,0.5627118644067797,,,0.5059752900842349,0.5844845908607864,160,0.463336875664187,23,146,0.4523480951723033,
FL_band_AE_s0,FL_band_AE_s0_mu1_knn,random-split,knn,10,0.1,941,1.0,hard,180,60,0.847788707617345,-0.17792254761700654,0.1738075872624094,-0.21972770213948323,,,0.48940838603320547,0.6017003188097768,186,0.11370882040382571,22,171,0.4339931833123116,
FL_band_AE_s0,FL_band_AE_s0_mu1_knn,random-split,knn,10,0.1,941,1.0,random,180,60,0.847788707617345,0.8187375527231341,1.3365206100078592e-15,0.7799388719088637,,,0.10656565996658547,1.0586609989373008,489,0.010626992561105207,23,240,0.006776450518031691,
FL_band_AE_s0,FL_band_AE_s0_mu3_knn,random-split,knn,10,0.1,941,3.0,oodselect,180,60,0.847788707617345,-0.7421656617833087,1.1550696730992916e-11,-0.7512086690747432,-0.6881214242782973,-0.6183690996586005,0.6349443545965592,0.43230605738575983,79,0.19234856535600425,20,87,0.591382483005449,8.756498100999732
FL_band_AE_s0,FL_band_AE_s0_mu3_knn,random-split,knn,10,0.1,941,3.0,nullsel,180,60,0.847788707617345,0.3253791348339391,0.011187096657094265,0.5440400111141985,,,0.6138463360875541,0.4567481402763018,109,0.5802337938363443,22,115,0.5735853727103104,
FL_band_AE_s0,FL_band_AE_s0_mu3_knn,random-split,knn,10,0.1,941,3.0,hard,180,60,0.847788707617345,-0.17792254761700654,0.1738075872624094,-0.21972770213948323,,,0.48940838603320547,0.6017003188097768,186,0.11370882040382571,22,171,0.4339931833123116,
FL_band_AE_s0,FL_band_AE_s0_mu3_knn,random-split,knn,10,0.1,941,3.0,random,180,60,0.847788707617345,0.8187375527231341,1.3365206100078592e-15,0.7799388719088637,,,0.10656565996658547,1.0586609989373008,489,0.010626992561105207,23,240,0.006776450518031691,
FL_band_AE_s0,FL_band_AE_s0_mu10_knn,random-split,knn,10,0.1,941,10.0,oodselect,180,60,0.847788707617345,-0.6651988779279242,6.730407609607928e-09,-0.6994720755765492,-0.6343742672295142,-0.5423117232156769,0.7935154184295471,0.24452709883103083,30,0.24442082890541977,11,55,0.7652751326297961,10.814778940694977
FL_band_AE_s0,FL_band_AE_s0_mu10_knn,random-split,knn,10,0.1,941,10.0,nullsel,180,60,0.847788707617345,0.35541153429470296,0.005324640151949318,0.5568213392609059,,,0.7856091493981657,0.2536663124335813,37,0.6620616365568545,18,71,0.7632449058360553,
FL_band_AE_s0,FL_band_AE_s0_mu10_knn,random-split,knn,10,0.1,941,10.0,hard,180,60,0.847788707617345,-0.17792254761700654,0.1738075872624094,-0.21972770213948323,,,0.48940838603320547,0.6017003188097768,186,0.11370882040382571,22,171,0.4339931833123116,
FL_band_AE_s0,FL_band_AE_s0_mu10_knn,random-split,knn,10,0.1,941,10.0,random,180,60,0.847788707617345,0.8187375527231341,1.3365206100078592e-15,0.7799388719088637,,,0.10656565996658547,1.0586609989373008,489,0.010626992561105207,23,240,0.006776450518031691,
FL_band_AE_s0,FL_band_AE_s0_mu0_knn,random-split,knn,10,0.25,2353,0.0,oodselect,180,60,0.847788707617345,-0.36433707898200507,0.004211726125379395,-0.3936649069185886,-0.3702529208408498,-0.3638046324576935,0.4363629230213651,0.6606459838504037,261,0.13259668508287292,23,244,0.250382153434604,2.8095541724452864
FL_band_AE_s0,FL_band_AE_s0_mu0_knn,random-split,knn,10,0.25,2353,0.0,nullsel,180,60,0.847788707617345,0.7678452547024003,8.15845626055554e-13,0.7285912753542653,,,0.2710128683168173,0.8674033149171271,337,0.05227369315767106,23,278,0.027323970574185535,
FL_band_AE_s0,FL_band_AE_s0_mu0_knn,random-split,knn,10,0.25,2353,0.0,hard,180,60,0.847788707617345,0.3525432953601953,0.0057334460098253485,0.32297860516810234,,,0.5760030467916554,0.49906502337441566,195,0.08202294942626434,23,227,0.43816279736314134,
FL_band_AE_s0,FL_band_AE_s0_mu0_knn,random-split,knn,10,0.25,2353,0.0,random,180,60,0.847788707617345,0.861081997205814,1.1066678278309062e-18,0.8267852181161436,,,0.2536541682531454,0.8872503187420314,354,0.021674458138546536,23,282,0.0045141874462596735,
FL_band_AE_s0,FL_band_AE_s0_mu0p1_knn,random-split,knn,10,0.25,2353,0.1,oodselect,180,60,0.847788707617345,-0.3668761380277365,0.00393524240881221,-0.3941094748541262,-0.3745466125947743,-0.35719006630297595,0.4350806768805694,0.6664258393540161,304,0.13132171695707606,23,246,0.24722938759912105,2.445109384379377
FL_band_AE_s0,FL_band_AE_s0_mu0p1_knn,random-split,knn,10,0.25,2353,0.1,nullsel,180,60,0.847788707617345,0.8036607656010415,1.0841590909724147e-14,0.7572103362045014,,,0.2754771459737552,0.8588185295367616,363,0.08457288567785805,23,276,0.033820578962453426,
FL_band_AE_s0,FL_band_AE_s0_mu0p1_knn,random-split,knn,10,0.25,2353,0.1,hard,180,60,0.847788707617345,0.3525432953601953,0.0057334460098253485,0.32297860516810234,,,0.5760030467916554,0.49906502337441566,195,0.08202294942626434,23,227,0.43816279736314134,
FL_band_AE_s0,FL_band_AE_s0_mu0p1_knn,random-split,knn,10,0.25,2353,0.1,random,180,60,0.847788707617345,0.861081997205814,1.1066678278309062e-18,0.8267852181161436,,,0.2536541682531454,0.8872503187420314,354,0.021674458138546536,23,282,0.0045141874462596735,
FL_band_AE_s0,FL_band_AE_s0_mu0p3_knn,random-split,knn,10,0.25,2353,0.3,oodselect,180,60,0.847788707617345,-0.387276493366335,0.0022357673097435993,-0.4156710197277022,-0.383987503802556,-0.3692673958430639,0.43404104649700154,0.6709307267318317,267,0.13769655758606034,23,243,0.24550969714340307,2.8506928445588833
FL_band_AE_s0,FL_band_AE_s0_mu0p3_knn,random-split,knn,10,0.25,2353,0.3,nullsel,180,60,0.847788707617345,0.8032638692097771,1.1427708121441022e-14,0.7686023895526537,,,0.277732797534967,0.8586060348491288,368,0.08032299192520187,23,274,0.03613738415974014,
FL_band_AE_s0,FL_band_AE_s0_mu0p3_knn,random-split,knn,10,0.25,2353,0.3,hard,180,60,0.847788707617345,0.3525432953601953,0.0057334460098253485,0.32297860516810234,,,0.5760030467916554,0.49906502337441566,195,0.08202294942626434,23,227,0.43816279736314134,
FL_band_AE_s0,FL_band_AE_s0_mu0p3_knn,random-split,knn,10,0.25,2353,0.3,random,180,60,0.847788707617345,0.861081997205814,1.1066678278309062e-18,0.8267852181161436,,,0.2536541682531454,0.8872503187420314,354,0.021674458138546536,23,282,0.0045141874462596735,
FL_band_AE_s0,FL_band_AE_s0_mu1_knn,random-split,knn,10,0.25,2353,1.0,oodselect,180,60,0.847788707617345,-0.37113828629878937,0.00350707413418162,-0.4058905251458739,-0.3756850706666308,-0.37114224429999093,0.4422054260859771,0.657033574160646,287,0.15852103697407566,23,244,0.2574281073851151,2.737875376325044
FL_band_AE_s0,FL_band_AE_s0_mu1_knn,random-split,knn,10,0.25,2353,1.0,nullsel,180,60,0.847788707617345,0.7924663227238794,4.579638526525873e-14,0.7539316476799113,,,0.2728815486038003,0.8588610284742881,372,0.08244793880152997,23,279,0.031694850482468714,
FL_band_AE_s0,FL_band_AE_s0_mu1_knn,random-split,knn,10,0.25,2353,1.0,hard,180,60,0.847788707617345,0.3525432953601953,0.0057334460098253485,0.32297860516810234,,,0.5760030467916554,0.49906502337441566,195,0.08202294942626434,23,227,0.43816279736314134,
FL_band_AE_s0,FL_band_AE_s0_mu1_knn,random-split,knn,10,0.25,2353,1.0,random,180,60,0.847788707617345,0.861081997205814,1.1066678278309062e-18,0.8267852181161436,,,0.2536541682531454,0.8872503187420314,354,0.021674458138546536,23,282,0.0045141874462596735,
FL_band_AE_s0,FL_band_AE_s0_mu3_knn,random-split,knn,10,0.25,2353,3.0,oodselect,180,60,0.847788707617345,-0.39995890880109486,0.0015445366423772764,-0.43239788830230624,-0.40048857445584846,-0.3805927138340859,0.4795795107444553,0.6141946451338717,257,0.13939651508712284,23,238,0.30777682239419124,2.76854609929078
FL_band_AE_s0,FL_band_AE_s0_mu3_knn,random-split,knn,10,0.25,2353,3.0,nullsel,180,60,0.847788707617345,0.7786742260285006,2.4051332864937046e-13,0.7459294248402335,,,0.28551557744165096,0.8467488312792181,330,0.08754781130471738,23,267,0.04805579440145218,
FL_band_AE_s0,FL_band_AE_s0_mu3_knn,random-split,knn,10,0.25,2353,3.0,hard,180,60,0.847788707617345,0.3525432953601953,0.0057334460098253485,0.32297860516810234,,,0.5760030467916554,0.49906502337441566,195,0.08202294942626434,23,227,0.43816279736314134,
FL_band_AE_s0,FL_band_AE_s0_mu3_knn,random-split,knn,10,0.25,2353,3.0,random,180,60,0.847788707617345,0.861081997205814,1.1066678278309062e-18,0.8267852181161436,,,0.2536541682531454,0.8872503187420314,354,0.021674458138546536,23,282,0.0045141874462596735,
FL_band_AE_s0,FL_band_AE_s0_mu10_knn,random-split,knn,10,0.25,2353,10.0,oodselect,180,60,0.847788707617345,-0.4717249925031597,0.00014194819992269532,-0.526646290636288,-0.4634229036123306,-0.42425639726656433,0.5931620344255751,0.4775605609859753,191,0.15087122821929452,23,207,0.45961115888029047,3.473072486143758
FL_band_AE_s0,FL_band_AE_s0_mu10_knn,random-split,knn,10,0.25,2353,10.0,nullsel,180,60,0.847788707617345,0.6976479977867869,5.859192193795369e-10,0.670297304806891,,,0.35070283518491724,0.7621759456013599,312,0.13089672758181045,23,266,0.13829177414732016,
FL_band_AE_s0,FL_band_AE_s0_mu10_knn,random-split,knn,10,0.25,2353,10.0,hard,180,60,0.847788707617345,0.3525432953601953,0.0057334460098253485,0.32297860516810234,,,0.5760030467916554,0.49906502337441566,195,0.08202294942626434,23,227,0.43816279736314134,
FL_band_AE_s0,FL_band_AE_s0_mu10_knn,random-split,knn,10,0.25,2353,10.0,random,180,60,0.847788707617345,0.861081997205814,1.1066678278309062e-18,0.8267852181161436,,,0.2536541682531454,0.8872503187420314,354,0.021674458138546536,23,282,0.0045141874462596735,
FL_band_AE_s0,FL_band_AE_s0_mu0_knn,trees->others,knn,10,0.05,470,0.0,oodselect,188,112,0.6513587556373606,-0.7160178828764359,7.102721396704148e-19,-0.6862592681176752,-0.9512093519800437,,0.3066827099245089,0.8240425531914893,127,0.07021276595744681,20,101,0.2697855945888221,39.05106382978723
FL_band_AE_s0,FL_band_AE_s0_mu0_knn,trees->others,knn,10,0.05,470,0.0,nullsel,188,112,0.6513587556373606,0.31538007197130646,0.00070636218430784,0.2974254279564014,,,0.26098297040881524,0.8729787234042553,158,0.16170212765957448,21,119,0.218886589850081,
FL_band_AE_s0,FL_band_AE_s0_mu0_knn,trees->others,knn,10,0.05,470,0.0,hard,188,112,0.6513587556373606,-0.2608639089654843,0.005469051710446854,-0.23942494960194077,,,0.4794317667800146,0.6076595744680852,110,0.13404255319148936,21,103,0.45209930461325304,
FL_band_AE_s0,FL_band_AE_s0_mu0_knn,trees->others,knn,10,0.05,470,0.0,random,188,112,0.6513587556373606,0.5144589879612468,6.535960500116636e-09,0.4420336898213005,,,0.04649036594749987,1.1351063829787233,352,0.00851063829787234,23,196,-0.0041870346964258875,
FL_band_AE_s0,FL_band_AE_s0_mu0p1_knn,trees->others,knn,10,0.05,470,0.1,oodselect,188,112,0.6513587556373606,-0.7113333835395392,1.5124829893761071e-18,-0.6747873031058872,-0.9520863698916258,,0.3285508967497967,0.7991489361702128,120,0.07659574468085106,18,96,0.29374338644922027,39.05106382978723
FL_band_AE_s0,FL_band_AE_s0_mu0p1_knn,trees->others,knn,10,0.05,470,0.1,nullsel,188,112,0.6513587556373606,0.43382472002713435,1.766628825698545e-06,0.4037311647931117,,,0.27563500485747044,0.853404255319149,147,0.18085106382978725,22,117,0.23285661281588146,
FL_band_AE_s0,FL_band_AE_s0_mu0p1_knn,trees->others,knn,10,0.05,470,0.1,hard,188,112,0.6513587556373606,-0.2608639089654843,0.005469051710446854,-0.23942494960194077,,,0.4794317667800146,0.6076595744680852,110,0.13404255319148936,21,103,0.45209930461325304,
FL_band_AE_s0,FL_band_AE_s0_mu0p1_knn,trees->others,knn,10,0.05,470,0.1,random,188,112,0.6513587556373606,0.5144589879612468,6.535960500116636e-09,0.4420336898213005,,,0.04649036594749987,1.1351063829787233,352,0.00851063829787234,23,196,-0.0041870346964258875,
FL_band_AE_s0,FL_band_AE_s0_mu0p3_knn,trees->others,knn,10,0.05,470,0.3,oodselect,188,112,0.6513587556373606,-0.7131983396908269,1.121472152124836e-18,-0.6788362319335771,-0.9519872047811438,,0.34803093407335545,0.7751063829787234,113,0.08297872340425531,17,92,0.314227046153934,39.05106382978723
FL_band_AE_s0,FL_band_AE_s0_mu0p3_knn,trees->others,knn,10,0.05,470,0.3,nullsel,188,112,0.6513587556373606,0.435866478336115,1.5594261812040994e-06,0.4182526394915776,,,0.3009979809510473,0.8208510638297872,145,0.1829787234042553,22,112,0.25817292674695036,
FL_band_AE_s0,FL_band_AE_s0_mu0p3_knn,trees->others,knn,10,0.05,470,0.3,hard,188,112,0.6513587556373606,-0.2608639089654843,0.005469051710446854,-0.23942494960194077,,,0.4794317667800146,0.6076595744680852,110,0.13404255319148936,21,103,0.45209930461325304,
FL_band_AE_s0,FL_band_AE_s0_mu0p3_knn,trees->others,knn,10,0.05,470,0.3,random,188,112,0.6513587556373606,0.5144589879612468,6.535960500116636e-09,0.4420336898213005,,,0.04649036594749987,1.1351063829787233,352,0.00851063829787234,23,196,-0.0041870346964258875,
FL_band_AE_s0,FL_band_AE_s0_mu1_knn,trees->others,knn,10,0.05,470,1.0,oodselect,188,112,0.6513587556373606,-0.6950773751514785,1.862184608279222e-17,-0.6662708852974341,-0.9512189199446727,,0.46787288568314184,0.6268085106382979,97,0.11914893617021277,17,88,0.44360493114160965,39.05106382978723
FL_band_AE_s0,FL_band_AE_s0_mu1_knn,trees->others,knn,10,0.05,470,1.0,nullsel,188,112,0.6513587556373606,0.5658803959740412,7.941287585213691e-11,0.5369528820856254,,,0.39101730611899577,0.7142553191489361,108,0.2170212765957447,20,93,0.35496618007026975,
FL_band_AE_s0,FL_band_AE_s0_mu1_knn,trees->others,knn,10,0.05,470,1.0,hard,188,112,0.6513587556373606,-0.2608639089654843,0.005469051710446854,-0.23942494960194077,,,0.4794317667800146,0.6076595744680852,110,0.13404255319148936,21,103,0.45209930461325304,
FL_band_AE_s0,FL_band_AE_s0_mu1_knn,trees->others,knn,10,0.05,470,1.0,random,188,112,0.6513587556373606,0.5144589879612468,6.535960500116636e-09,0.4420336898213005,,,0.04649036594749987,1.1351063829787233,352,0.00851063829787234,23,196,-0.0041870346964258875,
FL_band_AE_s0,FL_band_AE_s0_mu3_knn,trees->others,knn,10,0.05,470,3.0,oodselect,188,112,0.6513587556373606,-0.6456642753469148,1.519052564485697e-14,-0.6265845491509208,-0.9375852732331688,,0.6368212065181962,0.42404255319148937,45,0.14042553191489363,13,55,0.6141759140118329,39.05106382978723
FL_band_AE_s0,FL_band_AE_s0_mu3_knn,trees->others,knn,10,0.05,470,3.0,nullsel,188,112,0.6513587556373606,0.6198870122917006,3.1535046340418407e-13,0.5992329244541634,,,0.5653200710976878,0.5114893617021277,62,0.2531914893617021,15,67,0.5425307239237245,
FL_band_AE_s0,FL_band_AE_s0_mu3_knn,trees->others,knn,10,0.05,470,3.0,hard,188,112,0.6513587556373606,-0.2608639089654843,0.005469051710446854,-0.23942494960194077,,,0.4794317667800146,0.6076595744680852,110,0.13404255319148936,21,103,0.45209930461325304,
FL_band_AE_s0,FL_band_AE_s0_mu3_knn,trees->others,knn,10,0.05,470,3.0,random,188,112,0.6513587556373606,0.5144589879612468,6.535960500116636e-09,0.4420336898213005,,,0.04649036594749987,1.1351063829787233,352,0.00851063829787234,23,196,-0.0041870346964258875,
FL_band_AE_s0,FL_band_AE_s0_mu10_knn,trees->others,knn,10,0.05,470,10.0,oodselect,188,112,0.6513587556373606,-0.5785265277854772,2.3809601173960437e-11,-0.5686011548843407,-0.8934752442908508,,0.7915877563890705,0.24382978723404256,19,0.17659574468085107,10,44,0.7732318738169388,39.05106382978723
FL_band_AE_s0,FL_band_AE_s0_mu10_knn,trees->others,knn,10,0.05,470,10.0,nullsel,188,112,0.6513587556373606,0.6833736034218566,1.0263557946207494e-16,0.6453685037755835,,,0.7532293368917273,0.2917021276595745,21,0.33617021276595743,10,35,0.7428194172068721,
FL_band_AE_s0,FL_band_AE_s0_mu10_knn,trees->others,knn,10,0.05,470,10.0,hard,188,112,0.6513587556373606,-0.2608639089654843,0.005469051710446854,-0.23942494960194077,,,0.4794317667800146,0.6076595744680852,110,0.13404255319148936,21,103,0.45209930461325304,
FL_band_AE_s0,FL_band_AE_s0_mu10_knn,trees->others,knn,10,0.05,470,10.0,random,188,112,0.6513587556373606,0.5144589879612468,6.535960500116636e-09,0.4420336898213005,,,0.04649036594749987,1.1351063829787233,352,0.00851063829787234,23,196,-0.0041870346964258875,
FL_band_AE_s0,FL_band_AE_s0_mu0_knn,trees->others,knn,10,0.1,941,0.0,oodselect,188,112,0.6513587556373606,-0.6448658141118362,1.6759496060041824e-14,-0.614309632008747,-0.8419190694066743,,0.505941423935505,0.5840595111583422,134,0.17215727948990436,22,135,0.45051647890085944,13.023702511250875
FL_band_AE_s0,FL_band_AE_s0_mu0_knn,trees->others,knn,10,0.1,941,0.0,nullsel,188,112,0.6513587556373606,0.8998367109186226,1.9658628169063133e-41,0.8581886518539847,,,0.2546159413533806,0.8804463336875664,321,0.11158342189160468,23,206,0.17378118570296439,
FL_band_AE_s0,FL_band_AE_s0_mu0_knn,trees->others,knn,10,0.1,941,0.0,hard,188,112,0.6513587556373606,-0.36822562743918114,6.48285207269047e-05,-0.401057505039806,,,0.47716761137587577,0.6179596174282678,172,0.07226354941551541,22,158,0.41916205360398523,
FL_band_AE_s0,FL_band_AE_s0_mu0_knn,trees->others,knn,10,0.1,941,0.0,random,188,112,0.6513587556373606,0.6315928837053284,8.238485012285148e-14,0.5976013940615711,,,0.10220936847397236,1.0626992561105206,490,0.020191285866099893,23,235,0.002994009359206028,
FL_band_AE_s0,FL_band_AE_s0_mu0p1_knn,trees->others,knn,10,0.1,941,0.1,oodselect,188,112,0.6513587556373606,-0.646001777143258,1.4571054524242315e-14,-0.6142669217890456,-0.8401922145638941,,0.5132724830606505,0.575664187035069,137,0.16790648246546228,22,136,0.4589374169873007,12.596351293520623
FL_band_AE_s0,FL_band_AE_s0_mu0p1_knn,trees->others,knn,10,0.1,941,0.1,nullsel,188,112,0.6513587556373606,0.9043792854253629,1.737183882495084e-42,0.8557846721563536,,,0.25128986838789336,0.8888416578108396,313,0.09670563230605739,23,193,0.16902343785684923,
FL_band_AE_s0,FL_band_AE_s0_mu0p1_knn,trees->others,knn,10,0.1,941,0.1,hard,188,112,0.6513587556373606,-0.36822562743918114,6.48285207269047e-05,-0.401057505039806,,,0.47716761137587577,0.6179596174282678,172,0.07226354941551541,22,158,0.41916205360398523,
FL_band_AE_s0,FL_band_AE_s0_mu0p1_knn,trees->others,knn,10,0.1,941,0.1,random,188,112,0.6513587556373606,0.6315928837053284,8.238485012285148e-14,0.5976013940615711,,,0.10220936847397236,1.0626992561105206,490,0.020191285866099893,23,235,0.002994009359206028,
FL_band_AE_s0,FL_band_AE_s0_mu0p3_knn,trees->others,knn,10,0.1,941,0.3,oodselect,188,112,0.6513587556373606,-0.6474277803595332,1.2213555224320454e-14,-0.6134639696586599,-0.8390137010004773,,0.5160829348177799,0.5726886291179596,136,0.1689691817215728,22,135,0.4614059406120363,12.260673804755086
FL_band_AE_s0,FL_band_AE_s0_mu0p3_knn,trees->others,knn,10,0.1,941,0.3,nullsel,188,112,0.6513587556373606,0.9046468669350223,1.500168741963662e-42,0.8634468855707794,,,0.24867787670023617,0.8866099893730074,312,0.10414452709883103,23,196,0.16975994658921473,
FL_band_AE_s0,FL_band_AE_s0_mu0p3_knn,trees->others,knn,10,0.1,941,0.3,hard,188,112,0.6513587556373606,-0.36822562743918114,6.48285207269047e-05,-0.401057505039806,,,0.47716761137587577,0.6179596174282678,172,0.07226354941551541,22,158,0.41916205360398523,
FL_band_AE_s0,FL_band_AE_s0_mu0p3_knn,trees->others,knn,10,0.1,941,0.3,random,188,112,0.6513587556373606,0.6315928837053284,8.238485012285148e-14,0.5976013940615711,,,0.10220936847397236,1.0626992561105206,490,0.020191285866099893,23,235,0.002994009359206028,
FL_band_AE_s0,FL_band_AE_s0_mu1_knn,trees->others,knn,10,0.1,941,1.0,oodselect,188,112,0.6513587556373606,-0.6479941257779354,1.1383816101227607e-14,-0.6149673693921482,-0.8441867817730626,,0.5324600823242016,0.5528161530286929,124,0.17003188097768332,22,127,0.4793028214964911,11.166674844803817
FL_band_AE_s0,FL_band_AE_s0_mu1_knn,trees->others,knn,10,0.1,941,1.0,nullsel,188,112,0.6513587556373606,0.8993114204774174,2.5830691520334386e-41,0.8502665117709366,,,0.2895658705106529,0.8368756641870351,282,0.12646121147715197,22,188,0.21220269793493263,
FL_band_AE_s0,FL_band_AE_s0_mu1_knn,trees->others,knn,10,0.1,941,1.0,hard,188,112,0.6513587556373606,-0.36822562743918114,6.48285207269047e-05,-0.401057505039806,,,0.47716761137587577,0.6179596174282678,172,0.07226354941551541,22,158,0.41916205360398523,
FL_band_AE_s0,FL_band_AE_s0_mu1_knn,trees->others,knn,10,0.1,941,1.0,random,188,112,0.6513587556373606,0.6315928837053284,8.238485012285148e-14,0.5976013940615711,,,0.10220936847397236,1.0626992561105206,490,0.020191285866099893,23,235,0.002994009359206028,
FL_band_AE_s0,FL_band_AE_s0_mu3_knn,trees->others,knn,10,0.1,941,3.0,oodselect,188,112,0.6513587556373606,-0.640572589320459,2.8290894490500154e-14,-0.6128318584070797,-0.8407133909382111,,0.5684824601325393,0.5107332624867162,110,0.17321997874601489,22,119,0.5198347238746501,9.10830587953237
FL_band_AE_s0,FL_band_AE_s0_mu3_knn,trees->others,knn,10,0.1,941,3.0,nullsel,188,112,0.6513587556373606,0.8981489688213926,4.701631889456194e-41,0.8601667406977141,,,0.35841558477147223,0.7546227417640807,238,0.12539851222104145,23,175,0.2903599360508835,
FL_band_AE_s0,FL_band_AE_s0_mu3_knn,trees->others,knn,10,0.1,941,3.0,hard,188,112,0.6513587556373606,-0.36822562743918114,6.48285207269047e-05,-0.401057505039806,,,0.47716761137587577,0.6179596174282678,172,0.07226354941551541,22,158,0.41916205360398523,
FL_band_AE_s0,FL_band_AE_s0_mu3_knn,trees->others,knn,10,0.1,941,3.0,random,188,112,0.6513587556373606,0.6315928837053284,8.238485012285148e-14,0.5976013940615711,,,0.10220936847397236,1.0626992561105206,490,0.020191285866099893,23,235,0.002994009359206028,
FL_band_AE_s0,FL_band_AE_s0_mu10_knn,trees->others,knn,10,0.1,941,10.0,oodselect,188,112,0.6513587556373606,-0.616038015398231,4.844069842713603e-13,-0.6013940615710528,-0.8198755595261277,,0.6655911584258347,0.3935175345377258,69,0.1806588735387885,16,91,0.6242895391862215,7.154343101095608
FL_band_AE_s0,FL_band_AE_s0_mu10_knn,trees->others,knn,10,0.1,941,10.0,nullsel,188,112,0.6513587556373606,0.8076213956914411,5.502226208868745e-27,0.7609936105511327,,,0.5861991736913598,0.4820403825717322,112,0.1636556854410202,20,125,0.5433653117288039,
FL_band_AE_s0,FL_band_AE_s0_mu10_knn,trees->others,knn,10,0.1,941,10.0,hard,188,112,0.6513587556373606,-0.36822562743918114,6.48285207269047e-05,-0.401057505039806,,,0.47716761137587577,0.6179596174282678,172,0.07226354941551541,22,158,0.41916205360398523,
FL_band_AE_s0,FL_band_AE_s0_mu10_knn,trees->others,knn,10,0.1,941,10.0,random,188,112,0.6513587556373606,0.6315928837053284,8.238485012285148e-14,0.5976013940615711,,,0.10220936847397236,1.0626992561105206,490,0.020191285866099893,23,235,0.002994009359206028,
FL_band_AE_s0,FL_band_AE_s0_mu0_knn,trees->others,knn,10,0.25,2353,0.0,oodselect,188,112,0.6513587556373606,-0.12562668825122433,0.18689234655499806,-0.18622509994191414,0.1379202180535731,,0.30665912281268276,0.8234594135146621,321,0.08032299192520187,23,271,0.07471099646508074,1.879095133284422
FL_band_AE_s0,FL_band_AE_s0_mu0_knn,trees->others,knn,10,0.25,2353,0.0,nullsel,188,112,0.6513587556373606,0.7630090919693342,1.4100337804636106e-22,0.7357433286636826,,,0.2571441962745996,0.8798555036124097,359,0.04929876753081173,23,286,0.01058087322059807,
FL_band_AE_s0,FL_band_AE_s0_mu0_knn,trees->others,knn,10,0.25,2353,0.0,hard,188,112,0.6513587556373606,0.2280862974582306,0.015574722453606697,0.17993815560187243,,,0.5894854782123883,0.4859753506162346,206,0.09434764130896728,23,220,0.45598070125155254,
FL_band_AE_s0,FL_band_AE_s0_mu0_knn,trees->others,knn,10,0.25,2353,0.0,random,188,112,0.6513587556373606,0.6672035438979091,9.560772451814193e-16,0.6307359825058941,,,0.2471042998079987,0.8915427114322142,368,0.029749256268593285,23,282,-0.0029139199388554505,
FL_band_AE_s0,FL_band_AE_s0_mu0p1_knn,trees->others,knn,10,0.25,2353,0.1,oodselect,188,112,0.6513587556373606,-0.04368764025722571,0.6473992328812347,-0.0884443229575973,0.2147324535773361,,0.300996597424713,0.8283467913302167,328,0.07139821504462389,23,273,0.0681427343078246,1.9748821603927986
FL_band_AE_s0,FL_band_AE_s0_mu0p1_knn,trees->others,knn,10,0.25,2353,0.1,nullsel,188,112,0.6513587556373606,0.7940760132186869,1.5605542481469215e-25,0.7514366680849389,,,0.25550298427247886,0.8837229069273268,375,0.02634934126646834,23,279,0.007356453616126875,
FL_band_AE_s0,FL_band_AE_s0_mu0p1_knn,trees->others,knn,10,0.25,2353,0.1,hard,188,112,0.6513587556373606,0.2280862974582306,0.015574722453606697,0.17993815560187243,,,0.5894854782123883,0.4859753506162346,206,0.09434764130896728,23,220,0.45598070125155254,
FL_band_AE_s0,FL_band_AE_s0_mu0p1_knn,trees->others,knn,10,0.25,2353,0.1,random,188,112,0.6513587556373606,0.6672035438979091,9.560772451814193e-16,0.6307359825058941,,,0.2471042998079987,0.8915427114322142,368,0.029749256268593285,23,282,-0.0029139199388554505,
FL_band_AE_s0,FL_band_AE_s0_mu0p3_knn,trees->others,knn,10,0.25,2353,0.3,oodselect,188,112,0.6513587556373606,-0.09754387819017747,0.30622802032162705,-0.15265486725663718,0.2085070845894124,,0.2962136787931932,0.8359966000849979,341,0.08244793880152997,23,268,0.06092958822967422,1.6334501017014822
FL_band_AE_s0,FL_band_AE_s0_mu0p3_knn,trees->others,knn,10,0.25,2353,0.3,nullsel,188,112,0.6513587556373606,0.7391654658119374,1.3402371615542084e-20,0.7185909044316124,,,0.25788163450295915,0.8847428814279643,348,0.06459838504037399,23,277,0.009506066685774339,
FL_band_AE_s0,FL_band_AE_s0_mu0p3_knn,trees->others,knn,10,0.25,2353,0.3,hard,188,112,0.6513587556373606,0.2280862974582306,0.015574722453606697,0.17993815560187243,,,0.5894854782123883,0.4859753506162346,206,0.09434764130896728,23,220,0.45598070125155254,
FL_band_AE_s0,FL_band_AE_s0_mu0p3_knn,trees->others,knn,10,0.25,2353,0.3,random,188,112,0.6513587556373606,0.6672035438979091,9.560772451814193e-16,0.6307359825058941,,,0.2471042998079987,0.8915427114322142,368,0.029749256268593285,23,282,-0.0029139199388554505,
FL_band_AE_s0,FL_band_AE_s0_mu1_knn,trees->others,knn,10,0.25,2353,1.0,oodselect,188,112,0.6513587556373606,-0.10820626034165973,0.25610781547245676,-0.17637612327877814,0.15920664129928094,,0.31589891939070713,0.8101572460688483,335,0.09732256693582661,23,277,0.08863571223846374,1.7367829787234044
FL_band_AE_s0,FL_band_AE_s0_mu1_knn,trees->others,knn,10,0.25,2353,1.0,nullsel,188,112,0.6513587556373606,0.7628788151833439,1.4476489797208674e-22,0.7284740492705094,,,0.2589581531478708,0.8770505737356566,376,0.05439864003399915,23,279,0.01234833285564154,
FL_band_AE_s0,FL_band_AE_s0_mu1_knn,trees->others,knn,10,0.25,2353,1.0,hard,188,112,0.6513587556373606,0.2280862974582306,0.015574722453606697,0.17993815560187243,,,0.5894854782123883,0.4859753506162346,206,0.09434764130896728,23,220,0.45598070125155254,
FL_band_AE_s0,FL_band_AE_s0_mu1_knn,trees->others,knn,10,0.25,2353,1.0,random,188,112,0.6513587556373606,0.6672035438979091,9.560772451814193e-16,0.6307359825058941,,,0.2471042998079987,0.8915427114322142,368,0.029749256268593285,23,282,-0.0029139199388554505,
FL_band_AE_s0,FL_band_AE_s0_mu3_knn,trees->others,knn,10,0.25,2353,3.0,oodselect,188,112,0.6513587556373606,-0.1680989330470189,0.07645033069229634,-0.23444493798476101,0.10917670129247542,,0.3377310060620609,0.7840203994900128,323,0.07819804504887377,23,255,0.11818094965128499,1.8600257404450817
FL_band_AE_s0,FL_band_AE_s0_mu3_knn,trees->others,knn,10,0.25,2353,3.0,nullsel,188,112,0.6513587556373606,0.7537079902939954,8.86280023817406e-22,0.7231694399835994,,,0.2780492533426013,0.8586910327241819,338,0.04844878878028049,23,264,0.036185153339065634,
FL_band_AE_s0,FL_band_AE_s0_mu3_knn,trees->others,knn,10,0.25,2353,3.0,hard,188,112,0.6513587556373606,0.2280862974582306,0.015574722453606697,0.17993815560187243,,,0.5894854782123883,0.4859753506162346,206,0.09434764130896728,23,220,0.45598070125155254,
FL_band_AE_s0,FL_band_AE_s0_mu3_knn,trees->others,knn,10,0.25,2353,3.0,random,188,112,0.6513587556373606,0.6672035438979091,9.560772451814193e-16,0.6307359825058941,,,0.2471042998079987,0.8915427114322142,368,0.029749256268593285,23,282,-0.0029139199388554505,
FL_band_AE_s0,FL_band_AE_s0_mu10_knn,trees->others,knn,10,0.25,2353,10.0,oodselect,188,112,0.6513587556373606,-0.2501837614569426,0.00780381486442085,-0.2973656336488195,-0.13088600527511698,,0.4076781569541125,0.692435189120272,297,0.10242243943901402,23,260,0.2154151141683386,1.9268967207089476
FL_band_AE_s0,FL_band_AE_s0_mu10_knn,trees->others,knn,10,0.25,2353,10.0,nullsel,188,112,0.6513587556373606,0.8107173179030515,2.467585812092876e-27,0.7755663375132401,,,0.31498701498540316,0.8062898427539311,337,0.029749256268593285,23,267,0.08899398108340498,
FL_band_AE_s0,FL_band_AE_s0_mu10_knn,trees->others,knn,10,0.25,2353,10.0,hard,188,112,0.6513587556373606,0.2280862974582306,0.015574722453606697,0.17993815560187243,,,0.5894854782123883,0.4859753506162346,206,0.09434764130896728,23,220,0.45598070125155254,
FL_band_AE_s0,FL_band_AE_s0_mu10_knn,trees->others,knn,10,0.25,2353,10.0,random,188,112,0.6513587556373606,0.6672035438979091,9.560772451814193e-16,0.6307359825058941,,,0.2471042998079987,0.8915427114322142,368,0.029749256268593285,23,282,-0.0029139199388554505,
FL_band_AE_s0,FL_band_AE_s0_mu0_knn,others->trees,knn,10,0.05,470,0.0,oodselect,112,188,0.8994604468554082,-0.9108718832771386,2.0538823414088432e-73,-0.9403554651731902,-0.9095053533761964,,0.26383474363284654,0.8685106382978723,156,0.09574468085106383,22,140,0.22641984024798786,39.05106382978723
FL_band_AE_s0,FL_band_AE_s0_mu0_knn,others->trees,knn,10,0.05,470,0.0,nullsel,112,188,0.8994604468554082,0.17684512671702504,0.01519185697347844,0.16237761808353668,,,0.20323669776892556,0.9331914893617022,192,0.08085106382978724,22,153,0.1591712326018012,
FL_band_AE_s0,FL_band_AE_s0_mu0_knn,others->trees,knn,10,0.05,470,0.0,hard,112,188,0.8994604468554082,0.40792108982113234,6.226076960075724e-09,0.3927129820100163,,,0.4734355678739283,0.6146808510638297,118,0.1829787234042553,22,118,0.44637902165622023,
FL_band_AE_s0,FL_band_AE_s0_mu0_knn,others->trees,knn,10,0.05,470,0.0,random,112,188,0.8994604468554082,0.8770702245771591,3.9325376631721285e-61,0.8600227200075131,,,0.049667716861083566,1.1327659574468085,351,0.01276595744680851,23,194,0.00043869604656899955,
FL_band_AE_s0,FL_band_AE_s0_mu0p1_knn,others->trees,knn,10,0.05,470,0.1,oodselect,112,188,0.8994604468554082,-0.9030797994205501,3.4386190523816494e-70,-0.9394723106681091,-0.8963253987282404,,0.2626453390200838,0.8657446808510638,158,0.11702127659574468,21,135,0.2283643112131848,39.05106382978723
FL_band_AE_s0,FL_band_AE_s0_mu0p1_knn,others->trees,knn,10,0.05,470,0.1,nullsel,112,188,0.8994604468554082,0.08268196515088767,0.25929892825911877,0.03338107304175388,,,0.211757089906339,0.9193617021276596,191,0.08085106382978724,22,154,0.1692334586474488,
FL_band_AE_s0,FL_band_AE_s0_mu0p1_knn,others->trees,knn,10,0.05,470,0.1,hard,112,188,0.8994604468554082,0.40792108982113234,6.226076960075724e-09,0.3927129820100163,,,0.4734355678739283,0.6146808510638297,118,0.1829787234042553,22,118,0.44637902165622023,
FL_band_AE_s0,FL_band_AE_s0_mu0p1_knn,others->trees,knn,10,0.05,470,0.1,random,112,188,0.8994604468554082,0.8770702245771591,3.9325376631721285e-61,0.8600227200075131,,,0.049667716861083566,1.1327659574468085,351,0.01276595744680851,23,194,0.00043869604656899955,
FL_band_AE_s0,FL_band_AE_s0_mu0p3_knn,others->trees,knn,10,0.05,470,0.3,oodselect,112,188,0.8994604468554082,-0.8945713351536072,5.729139142346665e-67,-0.9289665647457003,-0.8867963105169585,,0.3072245777482587,0.8142553191489361,145,0.11702127659574468,21,134,0.27405163631440393,39.05106382978723
FL_band_AE_s0,FL_band_AE_s0_mu0p3_knn,others->trees,knn,10,0.05,470,0.3,nullsel,112,188,0.8994604468554082,0.16165899197538738,0.02666601409496449,0.1323395286591764,,,0.2217322270623272,0.9078723404255319,187,0.08297872340425531,22,151,0.18044776468440085,
FL_band_AE_s0,FL_band_AE_s0_mu0p3_knn,others->trees,knn,10,0.05,470,0.3,hard,112,188,0.8994604468554082,0.40792108982113234,6.226076960075724e-09,0.3927129820100163,,,0.4734355678739283,0.6146808510638297,118,0.1829787234042553,22,118,0.44637902165622023,
FL_band_AE_s0,FL_band_AE_s0_mu0p3_knn,others->trees,knn,10,0.05,470,0.3,random,112,188,0.8994604468554082,0.8770702245771591,3.9325376631721285e-61,0.8600227200075131,,,0.049667716861083566,1.1327659574468085,351,0.01276595744680851,23,194,0.00043869604656899955,
FL_band_AE_s0,FL_band_AE_s0_mu1_knn,others->trees,knn,10,0.05,470,1.0,oodselect,112,188,0.8994604468554082,-0.8448943415858012,2.007226251978197e-52,-0.8852025566329599,-0.8869496218844779,,0.43628562353374617,0.6559574468085106,109,0.11702127659574468,21,116,0.41145300143373364,39.05106382978723
FL_band_AE_s0,FL_band_AE_s0_mu1_knn,others->trees,knn,10,0.05,470,1.0,nullsel,112,188,0.8994604468554082,0.02514831722788584,0.7319213433914149,-0.01738857172785838,,,0.2863267843962462,0.828936170212766,160,0.0851063829787234,22,140,0.2499792703034674,
FL_band_AE_s0,FL_band_AE_s0_mu1_knn,others->trees,knn,10,0.05,470,1.0,hard,112,188,0.8994604468554082,0.40792108982113234,6.226076960075724e-09,0.3927129820100163,,,0.4734355678739283,0.6146808510638297,118,0.1829787234042553,22,118,0.44637902165622023,
FL_band_AE_s0,FL_band_AE_s0_mu1_knn,others->trees,knn,10,0.05,470,1.0,random,112,188,0.8994604468554082,0.8770702245771591,3.9325376631721285e-61,0.8600227200075131,,,0.049667716861083566,1.1327659574468085,351,0.01276595744680851,23,194,0.00043869604656899955,
FL_band_AE_s0,FL_band_AE_s0_mu3_knn,others->trees,knn,10,0.05,470,3.0,oodselect,112,188,0.8994604468554082,-0.7513602045698762,2.046333352331025e-35,-0.7768617131752565,-0.8217925670313458,,0.7083077472173217,0.33659574468085107,39,0.24680851063829787,18,60,0.6898995587359114,39.05106382978723
FL_band_AE_s0,FL_band_AE_s0_mu3_knn,others->trees,knn,10,0.05,470,3.0,nullsel,112,188,0.8994604468554082,0.025238065514648984,0.7310013779223592,0.02667885142957249,,,0.48977878157164767,0.5831914893617022,98,0.08723404255319149,22,104,0.4671827347828537,
FL_band_AE_s0,FL_band_AE_s0_mu3_knn,others->trees,knn,10,0.05,470,3.0,hard,112,188,0.8994604468554082,0.40792108982113234,6.226076960075724e-09,0.3927129820100163,,,0.4734355678739283,0.6146808510638297,118,0.1829787234042553,22,118,0.44637902165622023,
FL_band_AE_s0,FL_band_AE_s0_mu3_knn,others->trees,knn,10,0.05,470,3.0,random,112,188,0.8994604468554082,0.8770702245771591,3.9325376631721285e-61,0.8600227200075131,,,0.049667716861083566,1.1327659574468085,351,0.01276595744680851,23,194,0.00043869604656899955,
FL_band_AE_s0,FL_band_AE_s0_mu10_knn,others->trees,knn,10,0.05,470,10.0,oodselect,112,188,0.8994604468554082,-0.648266234640266,8.573689684613273e-24,-0.6682373211341222,-0.6755614112286891,,0.8422760322697743,0.18659574468085105,12,0.3872340425531915,7,32,0.830304162670934,39.05106382978723
FL_band_AE_s0,FL_band_AE_s0_mu10_knn,others->trees,knn,10,0.05,470,10.0,nullsel,112,188,0.8994604468554082,-0.11905060997790246,0.10368498980289528,-0.08520905838391755,,,0.7700814994697974,0.26085106382978723,31,0.1702127659574468,15,50,0.7594881107282531,
FL_band_AE_s0,FL_band_AE_s0_mu10_knn,others->trees,knn,10,0.05,470,10.0,hard,112,188,0.8994604468554082,0.40792108982113234,6.226076960075724e-09,0.3927129820100163,,,0.4734355678739283,0.6146808510638297,118,0.1829787234042553,22,118,0.44637902165622023,
FL_band_AE_s0,FL_band_AE_s0_mu10_knn,others->trees,knn,10,0.05,470,10.0,random,112,188,0.8994604468554082,0.8770702245771591,3.9325376631721285e-61,0.8600227200075131,,,0.049667716861083566,1.1327659574468085,351,0.01276595744680851,23,194,0.00043869604656899955,
FL_band_AE_s0,FL_band_AE_s0_mu0_knn,others->trees,knn,10,0.1,941,0.0,oodselect,112,188,0.8994604468554082,-0.7495997313718022,3.6001643749765507e-35,-0.7674955797123698,-0.6676797456651247,,0.5966445928175593,0.47747077577045693,108,0.1647183846971307,21,106,0.5518660747472064,6.220212281444107
FL_band_AE_s0,FL_band_AE_s0_mu0_knn,others->trees,knn,10,0.1,941,0.0,nullsel,112,188,0.8994604468554082,0.2852867511363489,7.237100710992256e-05,0.2837562782532685,,,0.2474323639757619,0.8829968119022317,299,0.04782146652497343,23,202,0.16263247274878417,
FL_band_AE_s0,FL_band_AE_s0_mu0_knn,others->trees,knn,10,0.1,941,0.0,hard,112,188,0.8994604468554082,0.3396949548770811,1.8497258739925272e-06,0.3377876347533037,,,0.44001850671658005,0.6567481402763018,209,0.14452709883103082,23,186,0.3803620392105133,
FL_band_AE_s0,FL_band_AE_s0_mu0_knn,others->trees,knn,10,0.1,941,0.0,random,112,188,0.8994604468554082,0.8813325711315624,1.8152211035820496e-62,0.8680397401466867,,,0.10286723084949233,1.057173219978746,499,0.01487778958554729,23,248,0.004188252949189775,
FL_band_AE_s0,FL_band_AE_s0_mu0p1_knn,others->trees,knn,10,0.1,941,0.1,oodselect,112,188,0.8994604468554082,-0.758240567729443,2.1480354823530296e-36,-0.7806562072758206,-0.6703071751138683,,0.5984166246413196,0.47555791710945805,104,0.17003188097768332,21,106,0.5538170265422705,7.705996919074555
FL_band_AE_s0,FL_band_AE_s0_mu0p1_knn,others->trees,knn,10,0.1,941,0.1,nullsel,112,188,0.8994604468554082,0.34142071258325773,1.6269450008405995e-06,0.35289156343631983,,,0.24731969951406654,0.8848034006376195,292,0.0669500531349628,23,202,0.1624533848582313,
FL_band_AE_s0,FL_band_AE_s0_mu0p1_knn,others->trees,knn,10,0.1,941,0.1,hard,112,188,0.8994604468554082,0.3396949548770811,1.8497258739925272e-06,0.3377876347533037,,,0.44001850671658005,0.6567481402763018,209,0.14452709883103082,23,186,0.3803620392105133,
FL_band_AE_s0,FL_band_AE_s0_mu0p1_knn,others->trees,knn,10,0.1,941,0.1,random,112,188,0.8994604468554082,0.8813325711315624,1.8152211035820496e-62,0.8680397401466867,,,0.10286723084949233,1.057173219978746,499,0.01487778958554729,23,248,0.004188252949189775,
FL_band_AE_s0,FL_band_AE_s0_mu0p3_knn,others->trees,knn,10,0.1,941,0.3,oodselect,112,188,0.8994604468554082,-0.7458964783899158,1.1636202049445955e-34,-0.7645264467750412,-0.6667476644410123,,0.6215340949895207,0.4485653560042508,98,0.17747077577045697,21,102,0.579896005255682,6.0992933462988255
FL_band_AE_s0,FL_band_AE_s0_mu0p3_knn,others->trees,knn,10,0.1,941,0.3,nullsel,112,188,0.8994604468554082,0.34687924566512385,1.0786273657220287e-06,0.3537349850188821,,,0.25384184172394464,0.8798087141339002,305,0.044633368756641874,23,211,0.17071522301403147,
FL_band_AE_s0,FL_band_AE_s0_mu0p3_knn,others->trees,knn,10,0.1,941,0.3,hard,112,188,0.8994604468554082,0.3396949548770811,1.8497258739925272e-06,0.3377876347533037,,,0.44001850671658005,0.6567481402763018,209,0.14452709883103082,23,186,0.3803620392105133,
FL_band_AE_s0,FL_band_AE_s0_mu0p3_knn,others->trees,knn,10,0.1,941,0.3,random,112,188,0.8994604468554082,0.8813325711315624,1.8152211035820496e-62,0.8680397401466867,,,0.10286723084949233,1.057173219978746,499,0.01487778958554729,23,248,0.004188252949189775,
FL_band_AE_s0,FL_band_AE_s0_mu1_knn,others->trees,knn,10,0.1,941,1.0,oodselect,112,188,0.8994604468554082,-0.7424894642720168,3.3636376513220517e-34,-0.7608439272743034,-0.6600611336223343,,0.6549763858222599,0.4083953241232731,82,0.1806588735387885,20,92,0.6162471878664044,6.8689460776683395
FL_band_AE_s0,FL_band_AE_s0_mu1_knn,others->trees,knn,10,0.1,941,1.0,nullsel,112,188,0.8994604468554082,0.3039323214116101,2.232585786409791e-05,0.3035559159612568,,,0.2705992009753735,0.8585547290116897,277,0.06588735387885228,23,199,0.18998573149694725,
FL_band_AE_s0,FL_band_AE_s0_mu1_knn,others->trees,knn,10,0.1,941,1.0,hard,112,188,0.8994604468554082,0.3396949548770811,1.8497258739925272e-06,0.3377876347533037,,,0.44001850671658005,0.6567481402763018,209,0.14452709883103082,23,186,0.3803620392105133,
FL_band_AE_s0,FL_band_AE_s0_mu1_knn,others->trees,knn,10,0.1,941,1.0,random,112,188,0.8994604468554082,0.8813325711315624,1.8152211035820496e-62,0.8680397401466867,,,0.10286723084949233,1.057173219978746,499,0.01487778958554729,23,248,0.004188252949189775,
FL_band_AE_s0,FL_band_AE_s0_mu3_knn,others->trees,knn,10,0.1,941,3.0,oodselect,112,188,0.8994604468554082,-0.7103742386563543,3.4770318369143875e-30,-0.7332241279978039,-0.6464583178323591,,0.7302770147079359,0.3153028692879915,49,0.20297555791710944,17,75,0.7007348349748357,7.738971474040874
FL_band_AE_s0,FL_band_AE_s0_mu3_knn,others->trees,knn,10,0.1,941,3.0,nullsel,112,188,0.8994604468554082,0.27433814271846263,0.00013907705934594944,0.28669290243580875,,,0.34548689915769437,0.7608926673751328,232,0.12646121147715197,23,184,0.2751699537204812,
FL_band_AE_s0,FL_band_AE_s0_mu3_knn,others->trees,knn,10,0.1,941,3.0,hard,112,188,0.8994604468554082,0.3396949548770811,1.8497258739925272e-06,0.3377876347533037,,,0.44001850671658005,0.6567481402763018,209,0.14452709883103082,23,186,0.3803620392105133,
FL_band_AE_s0,FL_band_AE_s0_mu3_knn,others->trees,knn,10,0.1,941,3.0,random,112,188,0.8994604468554082,0.8813325711315624,1.8152211035820496e-62,0.8680397401466867,,,0.10286723084949233,1.057173219978746,499,0.01487778958554729,23,248,0.004188252949189775,
FL_band_AE_s0,FL_band_AE_s0_mu10_knn,others->trees,knn,10,0.1,941,10.0,oodselect,112,188,0.8994604468554082,-0.6457794178428089,1.440017054232737e-23,-0.6698952676283237,-0.6133010664396028,,0.830824011270345,0.19532412327311371,30,0.2507970244420829,14,61,0.8108037500192367,11.565032943497666
FL_band_AE_s0,FL_band_AE_s0_mu10_knn,others->trees,knn,10,0.1,941,10.0,nullsel,112,188,0.8994604468554082,0.24630380006643818,0.0006561644155328574,0.25455438624373977,,,0.5725818268260027,0.49256110520722635,120,0.10414452709883103,22,133,0.5259457729388299,
FL_band_AE_s0,FL_band_AE_s0_mu10_knn,others->trees,knn,10,0.1,941,10.0,hard,112,188,0.8994604468554082,0.3396949548770811,1.8497258739925272e-06,0.3377876347533037,,,0.44001850671658005,0.6567481402763018,209,0.14452709883103082,23,186,0.3803620392105133,
FL_band_AE_s0,FL_band_AE_s0_mu10_knn,others->trees,knn,10,0.1,941,10.0,random,112,188,0.8994604468554082,0.8813325711315624,1.8152211035820496e-62,0.8680397401466867,,,0.10286723084949233,1.057173219978746,499,0.01487778958554729,23,248,0.004188252949189775,
FL_band_AE_s0,FL_band_AE_s0_mu0_knn,others->trees,knn,10,0.25,2353,0.0,oodselect,112,188,0.8994604468554082,-0.5699491631878886,1.3828909406064717e-17,-0.5710650409881216,-0.49431364462901467,,0.5388744139033771,0.5445813854653634,247,0.17892052698682534,23,232,0.38573612305340593,2.266715787730772
FL_band_AE_s0,FL_band_AE_s0_mu0_knn,others->trees,knn,10,0.25,2353,0.0,nullsel,112,188,0.8994604468554082,0.8394282702693253,3.840465855642075e-51,0.8230963866519053,,,0.2637907997634696,0.8751806204844879,329,0.03612409689757756,23,280,0.017650711760771952,
FL_band_AE_s0,FL_band_AE_s0_mu0_knn,others->trees,knn,10,0.25,2353,0.0,hard,112,188,0.8994604468554082,0.4032822299499361,9.567817022173615e-09,0.4532424773838399,,,0.5405089754216059,0.5434339141521461,213,0.14959626009349766,23,239,0.3879096207127162,
FL_band_AE_s0,FL_band_AE_s0_mu0_knn,others->trees,knn,10,0.25,2353,0.0,random,112,188,0.8994604468554082,0.8869011707963665,2.718789511852588e-64,0.8683160645623871,,,0.24881508396731375,0.8901402464938376,384,0.024649383765405864,23,284,-0.0012181140728002293,
FL_band_AE_s0,FL_band_AE_s0_mu0p1_knn,others->trees,knn,10,0.25,2353,0.1,oodselect,112,188,0.8994604468554082,-0.5607727374860896,5.802389673064414e-17,-0.5604292600465597,-0.5049189626079138,,0.5560431782775896,0.5228644283892903,224,0.15214619634509138,22,217,0.4087369828986338,2.758314414239537
FL_band_AE_s0,FL_band_AE_s0_mu0p1_knn,others->trees,knn,10,0.25,2353,0.1,nullsel,112,188,0.8994604468554082,0.8652611818389583,1.1227742603490218e-57,0.8530766827344197,,,0.25953499622967097,0.876243093922652,379,0.04334891627709307,23,279,0.013757523645743766,
FL_band_AE_s0,FL_band_AE_s0_mu0p1_knn,others->trees,knn,10,0.25,2353,0.1,hard,112,188,0.8994604468554082,0.4032822299499361,9.567817022173615e-09,0.4532424773838399,,,0.5405089754216059,0.5434339141521461,213,0.14959626009349766,23,239,0.3879096207127162,
FL_band_AE_s0,FL_band_AE_s0_mu0p1_knn,others->trees,knn,10,0.25,2353,0.1,random,112,188,0.8994604468554082,0.8869011707963665,2.718789511852588e-64,0.8683160645623871,,,0.24881508396731375,0.8901402464938376,384,0.024649383765405864,23,284,-0.0012181140728002293,
FL_band_AE_s0,FL_band_AE_s0_mu0p3_knn,others->trees,knn,10,0.25,2353,0.3,oodselect,112,188,0.8994604468554082,-0.5522295018045829,2.1204371422555485e-16,-0.5529630826968541,-0.49477237085068565,,0.5411392377148496,0.5403314917127072,240,0.15427114322141947,23,224,0.3886500429922614,2.168683819891143
FL_band_AE_s0,FL_band_AE_s0_mu0p3_knn,others->trees,knn,10,0.25,2353,0.3,nullsel,112,188,0.8994604468554082,0.8669915757688601,3.6713452271900576e-58,0.8483123441160056,,,0.2589701978266277,0.8764980875478113,353,0.037824054398640033,23,286,0.012276679086653293,
FL_band_AE_s0,FL_band_AE_s0_mu0p3_knn,others->trees,knn,10,0.25,2353,0.3,hard,112,188,0.8994604468554082,0.4032822299499361,9.567817022173615e-09,0.4532424773838399,,,0.5405089754216059,0.5434339141521461,213,0.14959626009349766,23,239,0.3879096207127162,
FL_band_AE_s0,FL_band_AE_s0_mu0p3_knn,others->trees,knn,10,0.25,2353,0.3,random,112,188,0.8994604468554082,0.8869011707963665,2.718789511852588e-64,0.8683160645623871,,,0.24881508396731375,0.8901402464938376,384,0.024649383765405864,23,284,-0.0012181140728002293,
FL_band_AE_s0,FL_band_AE_s0_mu1_knn,others->trees,knn,10,0.25,2353,1.0,oodselect,112,188,0.8994604468554082,-0.5787512237496153,3.3489137711813453e-18,-0.580104280861193,-0.5004315191217569,,0.5654329059239824,0.5114747131321717,230,0.1483212919677008,23,221,0.4214435845992166,2.515166158090541
FL_band_AE_s0,FL_band_AE_s0_mu1_knn,others->trees,knn,10,0.25,2353,1.0,nullsel,112,188,0.8994604468554082,0.8543178576616722,9.376612769747597e-55,0.8356935291323594,,,0.2596505285608946,0.8736081597960051,367,0.0416489587760306,23,278,0.01418744625967326,
FL_band_AE_s0,FL_band_AE_s0_mu1_knn,others->trees,knn,10,0.25,2353,1.0,hard,112,188,0.8994604468554082,0.4032822299499361,9.567817022173615e-09,0.4532424773838399,,,0.5405089754216059,0.5434339141521461,213,0.14959626009349766,23,239,0.3879096207127162,
FL_band_AE_s0,FL_band_AE_s0_mu1_knn,others->trees,knn,10,0.25,2353,1.0,random,112,188,0.8994604468554082,0.8869011707963665,2.718789511852588e-64,0.8683160645623871,,,0.24881508396731375,0.8901402464938376,384,0.024649383765405864,23,284,-0.0012181140728002293,
FL_band_AE_s0,FL_band_AE_s0_mu3_knn,others->trees,knn,10,0.25,2353,3.0,oodselect,112,188,0.8994604468554082,-0.5798560744660559,2.7943700395264507e-18,-0.5827320718732447,-0.5071142291757882,,0.5911777879823908,0.4801529961750956,201,0.1920951976200595,23,208,0.4567688927104232,2.912647093783431
FL_band_AE_s0,FL_band_AE_s0_mu3_knn,others->trees,knn,10,0.25,2353,3.0,nullsel,112,188,0.8994604468554082,0.8340293309506476,6.369600684734294e-50,0.8177631448246965,,,0.27927157631184774,0.853251168720782,341,0.035699107522311944,23,265,0.039481226712525075,
FL_band_AE_s0,FL_band_AE_s0_mu3_knn,others->trees,knn,10,0.25,2353,3.0,hard,112,188,0.8994604468554082,0.4032822299499361,9.567817022173615e-09,0.4532424773838399,,,0.5405089754216059,0.5434339141521461,213,0.14959626009349766,23,239,0.3879096207127162,
FL_band_AE_s0,FL_band_AE_s0_mu3_knn,others->trees,knn,10,0.25,2353,3.0,random,112,188,0.8994604468554082,0.8869011707963665,2.718789511852588e-64,0.8683160645623871,,,0.24881508396731375,0.8901402464938376,384,0.024649383765405864,23,284,-0.0012181140728002293,
FL_band_AE_s0,FL_band_AE_s0_mu10_knn,others->trees,knn,10,0.25,2353,10.0,oodselect,112,188,0.8994604468554082,-0.6031005368832318,5.2589162584111494e-20,-0.6042149406624923,-0.5197557752132066,,0.6626882092555154,0.39260518487037827,157,0.15342116447088822,22,194,0.5535014808445591,3.801160860898657
FL_band_AE_s0,FL_band_AE_s0_mu10_knn,others->trees,knn,10,0.25,2353,10.0,nullsel,112,188,0.8994604468554082,0.8100226703622229,5.505275201048212e-45,0.7900115044871111,,,0.32597921485302916,0.7881852953676158,325,0.06374840628984275,23,280,0.10475781026081972,
FL_band_AE_s0,FL_band_AE_s0_mu10_knn,others->trees,knn,10,0.25,2353,10.0,hard,112,188,0.8994604468554082,0.4032822299499361,9.567817022173615e-09,0.4532424773838399,,,0.5405089754216059,0.5434339141521461,213,0.14959626009349766,23,239,0.3879096207127162,
FL_band_AE_s0,FL_band_AE_s0_mu10_knn,others->trees,knn,10,0.25,2353,10.0,random,112,188,0.8994604468554082,0.8869011707963665,2.718789511852588e-64,0.8683160645623871,,,0.24881508396731375,0.8901402464938376,384,0.024649383765405864,23,284,-0.0012181140728002293,
