state,protocol,train,test,n_tiles,auc_id,auc_ood,gap,gap_lo,gap_hi,pct_tiles_ood_higher,signif
AZ,band,A,AE,52,0.9327074426701661,0.9291645988814703,-0.0035428437886958443,-0.030899905226205688,0.0212663143196308,55.769230769230774,no
AZ,band,AE,A,52,0.9293957229381866,0.9235289974373818,-0.005866725500804868,-0.03365529902239411,0.027404983021444364,30.76923076923077,no
AZ,shadedX,A,AE,20,0.81130029788073,0.766976787246674,-0.04432351063405599,-0.13998601062446697,0.03591464290766559,50.0,no
AZ,shadedX,AE,A,20,0.8839099158909093,0.8137549064611689,-0.07015500942974029,-0.14195422122025306,-7.757821608768213e-05,30.0,yes
CO,band,A,AE,39,0.9793268543093601,0.9788586211786983,-0.0004682331306613865,-0.007502266597504582,0.006157832992774816,53.84615384615385,no
CO,band,AE,A,39,0.9840596390625942,0.9707387442042046,-0.013320894858389479,-0.02069327881927455,-0.006416709578451874,25.64102564102564,yes
CO,shadedX,A,AE,23,0.8711321824468307,0.6955372516579115,-0.1755949307889192,-0.2275016955121601,-0.12099826340015876,13.043478260869565,yes
CO,shadedX,AE,A,23,0.7750755487351436,0.7396957735820614,-0.03537977515308236,-0.08653147356142067,0.01071159742079132,39.130434782608695,no
FL,band,A,AE,51,0.8571761333495158,0.8585927628312728,0.0014166294817570474,-0.03870898669404578,0.03903955136528989,58.82352941176471,no
FL,band,AE,A,51,0.9274005617827947,0.8119664830070346,-0.11543407877576047,-0.15238767266902906,-0.0825997710412488,7.8431372549019605,yes
FL,shadedX,A,AE,46,0.8668147035266405,0.6216813355254881,-0.24513336800115246,-0.3133470437642361,-0.18070931340579402,15.217391304347828,yes
FL,shadedX,AE,A,46,0.8678433783959106,0.7041421767788963,-0.16370120161701399,-0.21196145861507973,-0.11680365625491275,19.565217391304348,yes
IA,band,A,AE,43,0.9843150516437191,0.9808271465972109,-0.003487905046508556,-0.01547757625707268,0.009274402146155616,46.51162790697674,no
IA,band,AE,A,43,0.9881527916399552,0.9759565971549279,-0.012196194485026979,-0.026844406730846683,-0.0011189112240343048,30.23255813953488,yes
IA,shadedX,A,AE,39,0.8364824021909155,0.7942700444369765,-0.042212357753938896,-0.08530700969843073,-0.0023196605163916203,41.02564102564102,yes
IA,shadedX,AE,A,39,0.9070015744062854,0.6918027320391787,-0.21519884236710646,-0.2515311774052885,-0.17810330814021427,2.564102564102564,yes
LA,band,A,AE,35,0.9329085244556787,0.9043808471823739,-0.02852767727330475,-0.05509128895739728,-0.0031501801555158756,40.0,yes
LA,band,AE,A,35,0.9353292992692683,0.9091941981777466,-0.02613510109152169,-0.04657321625422711,-0.005663984577809919,28.57142857142857,yes
LA,shadedX,A,AE,29,0.8600037778070374,0.7511430099749381,-0.10886076783209944,-0.15350670145531592,-0.0676323511109877,24.137931034482758,yes
LA,shadedX,AE,A,29,0.8347342155843848,0.7980322728012542,-0.03670194278313052,-0.07810700925594825,-0.001171318147342817,41.37931034482759,yes
MN,band,A,AE,44,0.9365221553081745,0.9614548331102505,0.024932677802075885,0.010434071517701938,0.040789779353172906,77.27272727272727,yes
MN,band,AE,A,44,0.9683992149830769,0.9282117784310233,-0.040187436552053785,-0.05703388077929186,-0.025710785154793664,20.454545454545457,yes
MN,shadedX,A,AE,27,0.8050639642979704,0.7463735655485493,-0.05869039874942138,-0.11967202137717163,-0.0011716711197077752,37.03703703703704,yes
MN,shadedX,AE,A,27,0.8660068424455156,0.7239916191973558,-0.14201522324815963,-0.187270282294609,-0.09524779567157034,7.4074074074074066,yes
MO,band,A,AE,45,0.9922715789468414,0.992104258253765,-0.0001673206930762018,-0.0034648454442986138,0.003448073490064576,64.44444444444444,no
MO,band,AE,A,45,0.9952773625827674,0.988744851201827,-0.00653251138094044,-0.011788806777069049,-0.0026467787126491244,24.444444444444443,yes
MO,shadedX,A,AE,31,0.8548575016190831,0.7106243248646893,-0.1442331767543936,-0.21140109367673302,-0.07585146634129447,19.35483870967742,yes
MO,shadedX,AE,A,31,0.8839954352878662,0.6849321159674399,-0.19906331932042623,-0.26908712207456115,-0.13738896158515368,9.67741935483871,yes
NC,band,A,AE,14,0.8906236539539859,0.8792506597053998,-0.011372994248585915,-0.08892835730122454,0.05936397117628838,57.14285714285714,no
NC,band,AE,A,14,0.9554551326602907,0.8047903855845703,-0.15066474707572014,-0.22234495586845907,-0.07616112476529337,7.142857142857142,yes
NC,shadedX,A,AE,9,0.8655258318014242,0.6173964085986048,-0.24812942320281936,-0.37719310144725776,-0.12695780532862475,11.11111111111111,yes
NC,shadedX,AE,A,9,0.8557316469934557,0.7520557286560677,-0.103675918337388,-0.23669797446633364,0.011296656189351852,22.22222222222222,no
TX,band,A,AE,53,0.9597741567005208,0.9567966612480018,-0.002977495452519153,-0.0273124211148273,0.013669241959032515,67.9245283018868,no
TX,band,AE,A,53,0.9708163228799743,0.9526576357131789,-0.018158687166795487,-0.03121797566542302,-0.007024600909643393,20.754716981132077,yes
TX,shadedX,A,AE,28,0.8770532945599652,0.7323993006976837,-0.14465399386228145,-0.20978204343899248,-0.08459206416639109,17.857142857142858,yes
TX,shadedX,AE,A,28,0.8473046218148795,0.7756609706699201,-0.07164365114495916,-0.12372063413196675,-0.024746602153350547,35.714285714285715,yes
VT,band,A,AE,13,0.9666251469773537,0.9772634021414244,0.01063825516407055,-0.002154631421685006,0.021051593042292073,84.61538461538461,no
VT,band,AE,A,13,0.9886562947803854,0.9531174216585974,-0.03553887312178811,-0.057826587261275895,-0.020865329057952832,0.0,yes
VT,shadedX,A,AE,11,0.8306434265982439,0.5685266455010765,-0.2621167810971673,-0.33432433711362186,-0.19941752735115056,0.0,yes
VT,shadedX,AE,A,11,0.7969430147356097,0.6490127814579943,-0.1479302332776154,-0.18272773774448145,-0.11638624395798407,0.0,yes
